review,sentiment
This blender works perfectly and makes smoothies in seconds. Highly recommend!,pos
The package arrived on time but the product looked different than expected.,neu
Absolutely terrible headphones. Stopped working after one week!,neg
I love this coffee maker! Easy to use and brews quickly.,pos
"The product is okay, nothing special. Meets basic expectations.",neu
Waste of money. The charger overheats and is unsafe.,neg
"Fantastic book! Could not put it down, very engaging story.",pos
The size and color are as described. Satisfactory performance.,neu
Broke on the first day. Very disappointed with this purchase.,neg
Excellent quality and fast shipping. Will buy again!,pos
"Great phone case, fits perfectly and protects well.",pos
Delivery was late but product is fine.,neu
"Cheap material, feels very fragile.",neg
"Amazing sound quality, really impressed!",pos
"Average product, does the job.",neu
"Stopped working after a month, very poor quality.",neg
"Very comfortable shoes, perfect for daily use.",pos
"Package missing some items, customer service was slow.",neu
"Terrible experience, product was defective.",neg
Exceeded expectations! Highly satisfied with the purchase.,pos
